{"fields":[{"metadata":{},"name":"Clock","nullable":true,"type":{"fields":[{"metadata":{},"name":"_ActiveDayType","nullable":true,"type":"string"},{"metadata":{},"name":"_ActiveSeason","nullable":true,"type":"string"},{"metadata":{},"name":"_ActiveTier","nullable":true,"type":"string"},{"metadata":{},"name":"_DaylightAdjustmentInEffectAtMeter","nullable":true,"type":"string"},{"metadata":{},"name":"_MeterTime","nullable":true,"type":"string"},{"metadata":{},"name":"_ServerTime","nullable":true,"type":"string"},{"metadata":{},"name":"_valueTag","nullable":true,"type":"string"}],"type":"struct"}},{"metadata":{},"name":"CoincidentDemandData","nullable":true,"type":{"containsNull":true,"elementType":{"fields":[{"metadata":{},"name":"CoincidentDemandSpec","nullable":true,"type":{"fields":[{"metadata":{},"name":"_Direction","nullable":true,"type":"string"},{"metadata":{},"name":"_MeasurementPeriod","nullable":true,"type":"string"},{"metadata":{},"name":"_Multiplier","nullable":true,"type":"string"},{"metadata":{},"name":"_TouBucket","nullable":true,"type":"string"},{"metadata":{},"name":"_UOM","nullable":true,"type":"string"},{"metadata":{},"name":"_valueTag","nullable":true,"type":"string"}],"type":"struct"}},{"metadata":{},"name":"Reading","nullable":true,"type":{"fields":[{"metadata":{},"name":"_TimeStamp","nullable":true,"type":"string"},{"metadata":{},"name":"_Value","nullable":true,"type":"string"},{"metadata":{},"name":"_valueTag","nullable":true,"type":"string"}],"type":"struct"}}],"type":"struct"},"type":"array"}},{"metadata":{},"name":"ConsumptionData","nullable":true,"type":{"containsNull":true,"elementType":{"fields":[{"metadata":{},"name":"ConsumptionSpec","nullable":true,"type":{"fields":[{"metadata":{},"name":"_Direction","nullable":true,"type":"string"},{"metadata":{},"name":"_MeasurementPeriod","nullable":true,"type":"string"},{"metadata":{},"name":"_Multiplier","nullable":true,"type":"string"},{"metadata":{},"name":"_TouBucket","nullable":true,"type":"string"},{"metadata":{},"name":"_UOM","nullable":true,"type":"string"},{"metadata":{},"name":"_valueTag","nullable":true,"type":"string"}],"type":"struct"}},{"metadata":{},"name":"Reading","nullable":true,"type":{"fields":[{"metadata":{},"name":"_TimeStamp","nullable":true,"type":"string"},{"metadata":{},"name":"_Value","nullable":true,"type":"string"},{"metadata":{},"name":"_valueTag","nullable":true,"type":"string"}],"type":"struct"}}],"type":"struct"},"type":"array"}},{"metadata":{},"name":"CumulativeDemandData","nullable":true,"type":{"containsNull":true,"elementType":{"fields":[{"metadata":{},"name":"CumulativeDemandSpec","nullable":true,"type":{"fields":[{"metadata":{},"name":"_Direction","nullable":true,"type":"string"},{"metadata":{},"name":"_MeasurementPeriod","nullable":true,"type":"string"},{"metadata":{},"name":"_Multiplier","nullable":true,"type":"string"},{"metadata":{},"name":"_TouBucket","nullable":true,"type":"string"},{"metadata":{},"name":"_UOM","nullable":true,"type":"string"},{"metadata":{},"name":"_valueTag","nullable":true,"type":"string"}],"type":"struct"}},{"metadata":{},"name":"Reading","nullable":true,"type":{"fields":[{"metadata":{},"name":"_TimeStamp","nullable":true,"type":"string"},{"metadata":{},"name":"_Value","nullable":true,"type":"string"},{"metadata":{},"name":"_valueTag","nullable":true,"type":"string"}],"type":"struct"}}],"type":"struct"},"type":"array"}},{"metadata":{},"name":"DemandReset","nullable":true,"type":{"containsNull":true,"elementType":{"fields":[{"metadata":{},"name":"_TimeStamp","nullable":true,"type":"string"},{"metadata":{},"name":"_valueTag","nullable":true,"type":"string"}],"type":"struct"},"type":"array"}},{"metadata":{},"name":"DemandResetCount","nullable":true,"type":{"containsNull":true,"elementType":{"fields":[{"metadata":{},"name":"_Count","nullable":true,"type":"string"},{"metadata":{},"name":"_TimeStamp","nullable":true,"type":"string"},{"metadata":{},"name":"_UOM","nullable":true,"type":"string"},{"metadata":{},"name":"_valueTag","nullable":true,"type":"string"}],"type":"struct"},"type":"array"}},{"metadata":{},"name":"EventData","nullable":true,"type":{"containsNull":true,"elementType":{"fields":[{"metadata":{},"name":"Event","nullable":true,"type":{"containsNull":true,"elementType":{"fields":[{"metadata":{},"name":"EventAttribute","nullable":true,"type":{"containsNull":true,"elementType":{"fields":[{"metadata":{},"name":"_Name","nullable":true,"type":"string"},{"metadata":{},"name":"_Value","nullable":true,"type":"string"},{"metadata":{},"name":"_valueTag","nullable":true,"type":"string"}],"type":"struct"},"type":"array"}},{"metadata":{},"name":"_DiscoveredAt","nullable":true,"type":"string"},{"metadata":{},"name":"_EventInfo","nullable":true,"type":"string"},{"metadata":{},"name":"_Source","nullable":true,"type":"string"},{"metadata":{},"name":"_TimeStamp","nullable":true,"type":"string"},{"metadata":{},"name":"_valueTag","nullable":true,"type":"string"}],"type":"struct"},"type":"array"}},{"metadata":{},"name":"EventSpec","nullable":true,"type":{"fields":[{"metadata":{},"name":"_Category","nullable":true,"type":"string"},{"metadata":{},"name":"_Type","nullable":true,"type":"string"},{"metadata":{},"name":"_valueTag","nullable":true,"type":"string"}],"type":"struct"}}],"type":"struct"},"type":"array"}},{"metadata":{},"name":"InstrumentationValue","nullable":true,"type":{"containsNull":true,"elementType":{"fields":[{"metadata":{},"name":"_Name","nullable":true,"type":"string"},{"metadata":{},"name":"_Phase","nullable":true,"type":"string"},{"metadata":{},"name":"_Timestamp","nullable":true,"type":"string"},{"metadata":{},"name":"_Value","nullable":true,"type":"string"},{"metadata":{},"name":"_valueTag","nullable":true,"type":"string"}],"type":"struct"},"type":"array"}},{"metadata":{},"name":"IntervalData","nullable":true,"type":{"containsNull":true,"elementType":{"fields":[{"metadata":{},"name":"IntervalSpec","nullable":true,"type":{"fields":[{"metadata":{},"name":"_Channel","nullable":true,"type":"string"},{"metadata":{},"name":"_Direction","nullable":true,"type":"string"},{"metadata":{},"name":"_Interval","nullable":true,"type":"string"},{"metadata":{},"name":"_Multiplier","nullable":true,"type":"string"},{"metadata":{},"name":"_TimestampEnd","nullable":true,"type":"string"},{"metadata":{},"name":"_TimestampStart","nullable":true,"type":"string"},{"metadata":{},"name":"_UOM","nullable":true,"type":"string"},{"metadata":{},"name":"_valueTag","nullable":true,"type":"string"}],"type":"struct"}},{"metadata":{},"name":"Reading","nullable":true,"type":{"containsNull":true,"elementType":{"fields":[{"metadata":{},"name":"QualityFlags","nullable":true,"type":{"fields":[{"metadata":{},"name":"_ClockSetBackward","nullable":true,"type":"string"},{"metadata":{},"name":"_ClockSetForward","nullable":true,"type":"string"},{"metadata":{},"name":"_CompleteOutage","nullable":true,"type":"string"},{"metadata":{},"name":"_DST","nullable":true,"type":"string"},{"metadata":{},"name":"_InvalidTime","nullable":true,"type":"string"},{"metadata":{},"name":"_InvalidValue","nullable":true,"type":"string"},{"metadata":{},"name":"_LongInterval","nullable":true,"type":"string"},{"metadata":{},"name":"_PartialInterval","nullable":true,"type":"string"},{"metadata":{},"name":"_PartialOutage","nullable":true,"type":"string"},{"metadata":{},"name":"_PulseOverflow","nullable":true,"type":"string"},{"metadata":{},"name":"_Restoration","nullable":true,"type":"string"},{"metadata":{},"name":"_SkippedInterval","nullable":true,"type":"string"},{"metadata":{},"name":"_SuspectedOutage","nullable":true,"type":"string"},{"metadata":{},"name":"_Tamper","nullable":true,"type":"string"},{"metadata":{},"name":"_TestMode","nullable":true,"type":"string"},{"metadata":{},"name":"_TimeChanged","nullable":true,"type":"string"},{"metadata":{},"name":"_valueTag","nullable":true,"type":"string"}],"type":"struct"}},{"metadata":{},"name":"_RawReading","nullable":true,"type":"string"},{"metadata":{},"name":"_TimeStamp","nullable":true,"type":"string"},{"metadata":{},"name":"_valueTag","nullable":true,"type":"string"}],"type":"struct"},"type":"array"}}],"type":"struct"},"type":"array"}},{"metadata":{},"name":"LoadProfileSummary","nullable":true,"type":{"containsNull":true,"elementType":{"fields":[{"metadata":{},"name":"Channel","nullable":true,"type":{"fields":[{"metadata":{},"name":"_Direction","nullable":true,"type":"string"},{"metadata":{},"name":"_FirstIntervalTimestamp","nullable":true,"type":"string"},{"metadata":{},"name":"_IntervalSeconds","nullable":true,"type":"string"},{"metadata":{},"name":"_Multiplier","nullable":true,"type":"string"},{"metadata":{},"name":"_NumIntervalsRead","nullable":true,"type":"string"},{"metadata":{},"name":"_ReadingRangeEndTimestamp","nullable":true,"type":"string"},{"metadata":{},"name":"_ReadingRangeStartTimestamp","nullable":true,"type":"string"},{"metadata":{},"name":"_SumOfIntervalValues","nullable":true,"type":"string"},{"metadata":{},"name":"_UOM","nullable":true,"type":"string"},{"metadata":{},"name":"_valueTag","nullable":true,"type":"string"}],"type":"struct"}}],"type":"struct"},"type":"array"}},{"metadata":{},"name":"MaxDemandData","nullable":true,"type":{"containsNull":true,"elementType":{"fields":[{"metadata":{},"name":"MaxDemandSpec","nullable":true,"type":{"fields":[{"metadata":{},"name":"_Direction","nullable":true,"type":"string"},{"metadata":{},"name":"_MeasurementPeriod","nullable":true,"type":"string"},{"metadata":{},"name":"_Multiplier","nullable":true,"type":"string"},{"metadata":{},"name":"_TouBucket","nullable":true,"type":"string"},{"metadata":{},"name":"_UOM","nullable":true,"type":"string"},{"metadata":{},"name":"_valueTag","nullable":true,"type":"string"}],"type":"struct"}},{"metadata":{},"name":"Reading","nullable":true,"type":{"fields":[{"metadata":{},"name":"_TimeStamp","nullable":true,"type":"string"},{"metadata":{},"name":"_Value","nullable":true,"type":"string"},{"metadata":{},"name":"_valueTag","nullable":true,"type":"string"}],"type":"struct"}}],"type":"struct"},"type":"array"}},{"metadata":{},"name":"Meter","nullable":true,"type":{"fields":[{"metadata":{},"name":"_AccountIdent","nullable":true,"type":"string"},{"metadata":{},"name":"_AccountName","nullable":true,"type":"string"},{"metadata":{},"name":"_Description","nullable":true,"type":"string"},{"metadata":{},"name":"_InstallDate","nullable":true,"type":"string"},{"metadata":{},"name":"_IsActive","nullable":true,"type":"string"},{"metadata":{},"name":"_Location","nullable":true,"type":"string"},{"metadata":{},"name":"_MediaType","nullable":true,"type":"string"},{"metadata":{},"name":"_MeterIrn","nullable":true,"type":"string"},{"metadata":{},"name":"_MeterName","nullable":true,"type":"string"},{"metadata":{},"name":"_MeterType","nullable":true,"type":"string"},{"metadata":{},"name":"_ObservesDaylightSavings","nullable":true,"type":"string"},{"metadata":{},"name":"_RemovalDate","nullable":true,"type":"string"},{"metadata":{},"name":"_SdpIdent","nullable":true,"type":"string"},{"metadata":{},"name":"_SerialNumber","nullable":true,"type":"string"},{"metadata":{},"name":"_TimeZoneIndex","nullable":true,"type":"string"},{"metadata":{},"name":"_TimeZoneOffset","nullable":true,"type":"string"},{"metadata":{},"name":"_Timezone","nullable":true,"type":"string"},{"metadata":{},"name":"_valueTag","nullable":true,"type":"string"}],"type":"struct"}},{"metadata":{},"name":"OutageCountSummary","nullable":true,"type":{"containsNull":true,"elementType":{"fields":[{"metadata":{},"name":"OutageCount","nullable":true,"type":{"fields":[{"metadata":{},"name":"_PreviousReadingTime","nullable":true,"type":"string"},{"metadata":{},"name":"_PreviousValue","nullable":true,"type":"string"},{"metadata":{},"name":"_ReadingTime","nullable":true,"type":"string"},{"metadata":{},"name":"_Value","nullable":true,"type":"string"},{"metadata":{},"name":"_valueTag","nullable":true,"type":"string"}],"type":"struct"}}],"type":"struct"},"type":"array"}},{"metadata":{},"name":"ReadingQualityIndicator","nullable":true,"type":{"containsNull":true,"elementType":{"fields":[{"metadata":{},"name":"_Name","nullable":true,"type":"string"},{"metadata":{},"name":"_Value","nullable":true,"type":"string"},{"metadata":{},"name":"_valueTag","nullable":true,"type":"string"}],"type":"struct"},"type":"array"}},{"metadata":{},"name":"ReverseEnergySummary","nullable":true,"type":{"containsNull":true,"elementType":{"fields":[{"metadata":{},"name":"ReverseEnergy","nullable":true,"type":{"fields":[{"metadata":{},"name":"_CurrentValue","nullable":true,"type":"string"},{"metadata":{},"name":"_PreviousValue","nullable":true,"type":"string"},{"metadata":{},"name":"_valueTag","nullable":true,"type":"string"}],"type":"struct"}}],"type":"struct"},"type":"array"}},{"metadata":{},"name":"Statuses","nullable":true,"type":{"containsNull":true,"elementType":{"fields":[{"metadata":{},"name":"Status","nullable":true,"type":{"containsNull":true,"elementType":{"fields":[{"metadata":{},"name":"_Category","nullable":true,"type":"string"},{"metadata":{},"name":"_Id","nullable":true,"type":"string"},{"metadata":{},"name":"_Name","nullable":true,"type":"string"},{"metadata":{},"name":"_Type","nullable":true,"type":"string"},{"metadata":{},"name":"_Value","nullable":true,"type":"string"},{"metadata":{},"name":"_valueTag","nullable":true,"type":"string"}],"type":"struct"},"type":"array"}}],"type":"struct"},"type":"array"}},{"metadata":{},"name":"_CollectionTime","nullable":true,"type":"string"},{"metadata":{},"name":"_Initiator","nullable":true,"type":"string"},{"metadata":{},"name":"_Irn","nullable":true,"type":"string"},{"metadata":{},"name":"_Purpose","nullable":true,"type":"string"},{"metadata":{},"name":"_Source","nullable":true,"type":"string"},{"metadata":{},"name":"_SourceIrn","nullable":true,"type":"string"},{"metadata":{},"name":"_SourceName","nullable":true,"type":"string"}],"type":"struct"}