variableId,servicePointId,readingType,deviceId,meteringType,readingUtcLocalTime,readingDateSource,readingLocalTime,dstStatus,channel,unitOfMeasure,qualityCodesSystemId,qualityCodesCategorization,qualityCodesIndex,intervalSize,logNumber,version,readingsValue,primarySource,readingsSource,owner,guidFile,estatus,registersNumber,eventsCode,agentId,agentDescription,multiplier,deviceMaster,deviceDescription,deviceStatus,serial,accountNumber,servicePointTimeZone,connectionType,relationEndDate,deviceType,brand,model,result_rD,relationStartDate,result_sPV,toStock,lastReadDate
kWh Delivered,RegTest-sdp_id-rex-01,LOAD PROFILE READING,2,MAIN,2020-05-25 14:30:00,2020-05-25 09:30:00,2020-05-25 09:30:00,,1,74,,,,15,1,Original,2.3,Remoto,AMRDEF,PRIMEREAD,amrdef-test,Activo,,,,,'MultiplierValues':{'ke':'0.01'},1,rex meter reserved for Regression test,ENABLE,11118188,RegTest12345,11,_MediaType,,Electric meter,Elster,REX,true,2020-05-15 22:44:23,true,true,2020-07-07T12:22:43.611010Z
kWh Delivered,RegTest-sdp_id-rex-01,LOAD PROFILE READING,2,MAIN,2020-05-25 14:45:00,2020-05-25 09:45:00,2020-05-25 09:45:00,,1,74,,,,15,1,Original,2.3,Remoto,AMRDEF,PRIMEREAD,amrdef-test,Activo,,,,,'MultiplierValues':{'ke':'0.01'},1,rex meter reserved for Regression test,ENABLE,11118188,RegTest12345,11,_MediaType,,Electric meter,Elster,REX,true,2020-05-15 22:44:23,true,true,2020-07-07T12:22:43.611010Z
kWh Delivered,RegTest-sdp_id-rex-01,LOAD PROFILE READING,2,MAIN,2020-05-25 15:00:00,2020-05-25 10:00:00,2020-05-25 10:00:00,,1,74,,,,15,1,Original,2.3,Remoto,AMRDEF,PRIMEREAD,amrdef-test,Activo,,,,,'MultiplierValues':{'ke':'0.01'},1,rex meter reserved for Regression test,ENABLE,11118188,RegTest12345,11,_MediaType,,Electric meter,Elster,REX,true,2020-05-15 22:44:23,true,true,2020-07-07T12:22:43.611010Z
kWh Delivered,RegTest-sdp_id-rex-01,LOAD PROFILE READING,2,MAIN,2020-05-25 15:15:00,2020-05-25 10:15:00,2020-05-25 10:15:00,,1,74,,,,15,1,Original,2.3,Remoto,AMRDEF,PRIMEREAD,amrdef-test,Activo,,,,,'MultiplierValues':{'ke':'0.01'},1,rex meter reserved for Regression test,ENABLE,11118188,RegTest12345,11,_MediaType,,Electric meter,Elster,REX,true,2020-05-15 22:44:23,true,true,2020-07-07T12:22:43.611010Z
kWh Delivered,RegTest-sdp_id-rex-01,LOAD PROFILE READING,2,MAIN,2020-05-25 15:30:00,2020-05-25 10:30:00,2020-05-25 10:30:00,,1,74,,,,15,1,Original,2.31,Remoto,AMRDEF,PRIMEREAD,amrdef-test,Activo,,,,,'MultiplierValues':{'ke':'0.01'},1,rex meter reserved for Regression test,ENABLE,11118188,RegTest12345,11,_MediaType,,Electric meter,Elster,REX,true,2020-05-15 22:44:23,true,true,2020-07-07T12:22:43.611010Z
kWh Delivered,RegTest-sdp_id-rex-01,LOAD PROFILE READING,2,MAIN,2020-05-25 15:45:00,2020-05-25 10:45:00,2020-05-25 10:45:00,,1,74,,,,15,1,Original,2.3,Remoto,AMRDEF,PRIMEREAD,amrdef-test,Activo,,,,,'MultiplierValues':{'ke':'0.01'},1,rex meter reserved for Regression test,ENABLE,11118188,RegTest12345,11,_MediaType,,Electric meter,Elster,REX,true,2020-05-15 22:44:23,true,true,2020-07-07T12:22:43.611010Z
kWh Delivered,RegTest-sdp_id-rex-01,LOAD PROFILE READING,2,MAIN,2020-05-25 16:00:00,2020-05-25 11:00:00,2020-05-25 11:00:00,,1,74,,,,15,1,Original,2.3,Remoto,AMRDEF,PRIMEREAD,amrdef-test,Activo,,,,,'MultiplierValues':{'ke':'0.01'},1,rex meter reserved for Regression test,ENABLE,11118188,RegTest12345,11,_MediaType,,Electric meter,Elster,REX,true,2020-05-15 22:44:23,true,true,2020-07-07T12:22:43.611010Z
kWh Delivered,RegTest-sdp_id-rex-01,LOAD PROFILE READING,2,MAIN,2020-05-25 16:15:00,2020-05-25 11:15:00,2020-05-25 11:15:00,,1,74,,,,15,1,Original,2.3,Remoto,AMRDEF,PRIMEREAD,amrdef-test,Activo,,,,,'MultiplierValues':{'ke':'0.01'},1,rex meter reserved for Regression test,ENABLE,11118188,RegTest12345,11,_MediaType,,Electric meter,Elster,REX,true,2020-05-15 22:44:23,true,true,2020-07-07T12:22:43.611010Z
kWh Delivered,RegTest-sdp_id-rex-01,LOAD PROFILE READING,2,MAIN,2020-05-25 16:30:00,2020-05-25 11:30:00,2020-05-25 11:30:00,,1,74,,,,15,1,Original,2.3,Remoto,AMRDEF,PRIMEREAD,amrdef-test,Activo,,,,,'MultiplierValues':{'ke':'0.01'},1,rex meter reserved for Regression test,ENABLE,11118188,RegTest12345,11,_MediaType,,Electric meter,Elster,REX,true,2020-05-15 22:44:23,true,true,2020-07-07T12:22:43.611010Z
kWh Delivered,RegTest-sdp_id-rex-01,LOAD PROFILE READING,2,MAIN,2020-05-25 16:45:00,2020-05-25 11:45:00,2020-05-25 11:45:00,,1,74,,,,15,1,Original,2.3,Remoto,AMRDEF,PRIMEREAD,amrdef-test,Activo,,,,,'MultiplierValues':{'ke':'0.01'},1,rex meter reserved for Regression test,ENABLE,11118188,RegTest12345,11,_MediaType,,Electric meter,Elster,REX,true,2020-05-15 22:44:23,true,true,2020-07-07T12:22:43.611010Z
kWh Delivered,RegTest-sdp_id-rex-01,LOAD PROFILE READING,2,MAIN,2020-05-25 17:00:00,2020-05-25 12:00:00,2020-05-25 12:00:00,,1,74,,,,15,1,Original,2.3,Remoto,AMRDEF,PRIMEREAD,amrdef-test,Activo,,,,,'MultiplierValues':{'ke':'0.01'},1,rex meter reserved for Regression test,ENABLE,11118188,RegTest12345,11,_MediaType,,Electric meter,Elster,REX,true,2020-05-15 22:44:23,true,true,2020-07-07T12:22:43.611010Z
kWh Delivered,RegTest-sdp_id-rex-01,LOAD PROFILE READING,2,MAIN,2020-05-25 17:15:00,2020-05-25 12:15:00,2020-05-25 12:15:00,,1,74,,,,15,1,Original,2.3,Remoto,AMRDEF,PRIMEREAD,amrdef-test,Activo,,,,,'MultiplierValues':{'ke':'0.01'},1,rex meter reserved for Regression test,ENABLE,11118188,RegTest12345,11,_MediaType,,Electric meter,Elster,REX,true,2020-05-15 22:44:23,true,true,2020-07-07T12:22:43.611010Z
kWh Delivered,RegTest-sdp_id-rex-01,LOAD PROFILE READING,2,MAIN,2020-05-25 18:00:00,2020-05-25 13:00:00,2020-05-25 13:00:00,,1,74,1,2,32,15,1,Original,2.02,Remoto,AMRDEF,PRIMEREAD,amrdef-test,Activo,,,,,'MultiplierValues':{'ke':'0.01'},1,rex meter reserved for Regression test,ENABLE,11118188,RegTest12345,11,_MediaType,,Electric meter,Elster,REX,true,2020-05-15 22:44:23,true,true,2020-07-07T12:22:43.611010Z
kWh Delivered,RegTest-sdp_id-rex-01,LOAD PROFILE READING,2,MAIN,2020-05-25 20:00:00,2020-05-25 15:00:00,2020-05-25 15:00:00,,1,74,2,4,9,15,1,Original,1.75,Remoto,AMRDEF,PRIMEREAD,amrdef-test,Activo,,,,,'MultiplierValues':{'ke':'0.01'},1,rex meter reserved for Regression test,ENABLE,11118188,RegTest12345,11,_MediaType,,Electric meter,Elster,REX,true,2020-05-15 22:44:23,true,true,2020-07-07T12:22:43.611010Z
kWh Delivered,RegTest-sdp_id-rex-01,LOAD PROFILE READING,2,MAIN,2020-05-25 21:00:00,2020-05-25 16:00:00,2020-05-25 16:00:00,,1,74,2,4,9,15,1,Original,2.3,Remoto,AMRDEF,PRIMEREAD,amrdef-test,Activo,,,,,'MultiplierValues':{'ke':'0.01'},1,rex meter reserved for Regression test,ENABLE,11118188,RegTest12345,11,_MediaType,,Electric meter,Elster,REX,true,2020-05-15 22:44:23,true,true,2020-07-07T12:22:43.611010Z
kWh Delivered,RegTest-sdp_id-rex-01,LOAD PROFILE READING,2,MAIN,2020-05-25 18:00:00,2020-05-25 13:00:00,2020-05-25 13:00:00,,1,74,1,2,32,15,1,Original,2.02,Remoto,AMRDEF,PRIMEREAD,amrdef-test,Activo,,,,,'MultiplierValues':{'ke':'0.01'},1,rex meter reserved for Regression test,ENABLE,11118188,RegTest12345,11,_MediaType,,Electric meter,Elster,REX,true,2020-05-15 22:44:23,true,true,2020-07-07T12:22:43.611010Z
kWh Delivered,RegTest-sdp_id-rex-01,LOAD PROFILE READING,2,MAIN,2020-05-25 20:00:00,2020-05-25 15:00:00,2020-05-25 15:00:00,,1,74,2,4,9,15,1,Original,1.75,Remoto,AMRDEF,PRIMEREAD,amrdef-test,Activo,,,,,'MultiplierValues':{'ke':'0.01'},1,rex meter reserved for Regression test,ENABLE,11118188,RegTest12345,11,_MediaType,,Electric meter,Elster,REX,true,2020-05-15 22:44:23,true,true,2020-07-07T12:22:43.611010Z
kWh Delivered,RegTest-sdp_id-rex-01,LOAD PROFILE READING,2,MAIN,2020-05-25 21:00:00,2020-05-25 16:00:00,2020-05-25 16:00:00,,1,74,2,4,9,15,1,Original,2.3,Remoto,AMRDEF,PRIMEREAD,amrdef-test,Activo,,,,,'MultiplierValues':{'ke':'0.01'},1,rex meter reserved for Regression test,ENABLE,11118188,RegTest12345,11,_MediaType,,Electric meter,Elster,REX,true,2020-05-15 22:44:23,true,true,2020-07-07T12:22:43.611010Z
kWh Delivered,RegTest-sdp_id-rex-01,LOAD PROFILE READING,2,MAIN,2020-05-25 14:30:00,2020-05-25 09:30:00,2020-05-25 09:30:00,,1,74,,,,15,1,Original,2.3,Remoto,AMRDEF,PRIMEREAD,amrdef-test,Activo,,,,,'MultiplierValues':{'ke':'0.01'},1,rex meter reserved for Regression test,ENABLE,11118188,RegTest12345,11,_MediaType,,Electric meter,Elster,REX,true,2020-05-15 22:44:23,true,true,2020-07-07T12:22:43.611010Z
kWh Delivered,RegTest-sdp_id-rex-01,LOAD PROFILE READING,2,MAIN,2020-05-25 14:45:00,2020-05-25 09:45:00,2020-05-25 09:45:00,,1,74,,,,15,1,Original,2.3,Remoto,AMRDEF,PRIMEREAD,amrdef-test,Activo,,,,,'MultiplierValues':{'ke':'0.01'},1,rex meter reserved for Regression test,ENABLE,11118188,RegTest12345,11,_MediaType,,Electric meter,Elster,REX,true,2020-05-15 22:44:23,true,true,2020-07-07T12:22:43.611010Z
kWh Delivered,RegTest-sdp_id-rex-01,LOAD PROFILE READING,2,MAIN,2020-05-25 15:00:00,2020-05-25 10:00:00,2020-05-25 10:00:00,,1,74,,,,15,1,Original,2.3,Remoto,AMRDEF,PRIMEREAD,amrdef-test,Activo,,,,,'MultiplierValues':{'ke':'0.01'},1,rex meter reserved for Regression test,ENABLE,11118188,RegTest12345,11,_MediaType,,Electric meter,Elster,REX,true,2020-05-15 22:44:23,true,true,2020-07-07T12:22:43.611010Z
kWh Delivered,RegTest-sdp_id-rex-01,LOAD PROFILE READING,2,MAIN,2020-05-25 15:15:00,2020-05-25 10:15:00,2020-05-25 10:15:00,,1,74,,,,15,1,Original,2.3,Remoto,AMRDEF,PRIMEREAD,amrdef-test,Activo,,,,,'MultiplierValues':{'ke':'0.01'},1,rex meter reserved for Regression test,ENABLE,11118188,RegTest12345,11,_MediaType,,Electric meter,Elster,REX,true,2020-05-15 22:44:23,true,true,2020-07-07T12:22:43.611010Z
kWh Delivered,RegTest-sdp_id-rex-01,LOAD PROFILE READING,2,MAIN,2020-05-25 15:30:00,2020-05-25 10:30:00,2020-05-25 10:30:00,,1,74,,,,15,1,Original,2.31,Remoto,AMRDEF,PRIMEREAD,amrdef-test,Activo,,,,,'MultiplierValues':{'ke':'0.01'},1,rex meter reserved for Regression test,ENABLE,11118188,RegTest12345,11,_MediaType,,Electric meter,Elster,REX,true,2020-05-15 22:44:23,true,true,2020-07-07T12:22:43.611010Z
kWh Delivered,RegTest-sdp_id-rex-01,LOAD PROFILE READING,2,MAIN,2020-05-25 15:45:00,2020-05-25 10:45:00,2020-05-25 10:45:00,,1,74,,,,15,1,Original,2.3,Remoto,AMRDEF,PRIMEREAD,amrdef-test,Activo,,,,,'MultiplierValues':{'ke':'0.01'},1,rex meter reserved for Regression test,ENABLE,11118188,RegTest12345,11,_MediaType,,Electric meter,Elster,REX,true,2020-05-15 22:44:23,true,true,2020-07-07T12:22:43.611010Z
kWh Delivered,RegTest-sdp_id-rex-01,LOAD PROFILE READING,2,MAIN,2020-05-25 16:00:00,2020-05-25 11:00:00,2020-05-25 11:00:00,,1,74,,,,15,1,Original,2.3,Remoto,AMRDEF,PRIMEREAD,amrdef-test,Activo,,,,,'MultiplierValues':{'ke':'0.01'},1,rex meter reserved for Regression test,ENABLE,11118188,RegTest12345,11,_MediaType,,Electric meter,Elster,REX,true,2020-05-15 22:44:23,true,true,2020-07-07T12:22:43.611010Z
kWh Delivered,RegTest-sdp_id-rex-01,LOAD PROFILE READING,2,MAIN,2020-05-25 16:15:00,2020-05-25 11:15:00,2020-05-25 11:15:00,,1,74,,,,15,1,Original,2.3,Remoto,AMRDEF,PRIMEREAD,amrdef-test,Activo,,,,,'MultiplierValues':{'ke':'0.01'},1,rex meter reserved for Regression test,ENABLE,11118188,RegTest12345,11,_MediaType,,Electric meter,Elster,REX,true,2020-05-15 22:44:23,true,true,2020-07-07T12:22:43.611010Z
kWh Delivered,RegTest-sdp_id-rex-01,LOAD PROFILE READING,2,MAIN,2020-05-25 16:30:00,2020-05-25 11:30:00,2020-05-25 11:30:00,,1,74,,,,15,1,Original,2.3,Remoto,AMRDEF,PRIMEREAD,amrdef-test,Activo,,,,,'MultiplierValues':{'ke':'0.01'},1,rex meter reserved for Regression test,ENABLE,11118188,RegTest12345,11,_MediaType,,Electric meter,Elster,REX,true,2020-05-15 22:44:23,true,true,2020-07-07T12:22:43.611010Z
kWh Delivered,RegTest-sdp_id-rex-01,LOAD PROFILE READING,2,MAIN,2020-05-25 16:45:00,2020-05-25 11:45:00,2020-05-25 11:45:00,,1,74,,,,15,1,Original,2.3,Remoto,AMRDEF,PRIMEREAD,amrdef-test,Activo,,,,,'MultiplierValues':{'ke':'0.01'},1,rex meter reserved for Regression test,ENABLE,11118188,RegTest12345,11,_MediaType,,Electric meter,Elster,REX,true,2020-05-15 22:44:23,true,true,2020-07-07T12:22:43.611010Z
kWh Delivered,RegTest-sdp_id-rex-01,LOAD PROFILE READING,2,MAIN,2020-05-25 17:00:00,2020-05-25 12:00:00,2020-05-25 12:00:00,,1,74,,,,15,1,Original,2.3,Remoto,AMRDEF,PRIMEREAD,amrdef-test,Activo,,,,,'MultiplierValues':{'ke':'0.01'},1,rex meter reserved for Regression test,ENABLE,11118188,RegTest12345,11,_MediaType,,Electric meter,Elster,REX,true,2020-05-15 22:44:23,true,true,2020-07-07T12:22:43.611010Z
kWh Delivered,RegTest-sdp_id-rex-01,LOAD PROFILE READING,2,MAIN,2020-05-25 17:15:00,2020-05-25 12:15:00,2020-05-25 12:15:00,,1,74,,,,15,1,Original,2.3,Remoto,AMRDEF,PRIMEREAD,amrdef-test,Activo,,,,,'MultiplierValues':{'ke':'0.01'},1,rex meter reserved for Regression test,ENABLE,11118188,RegTest12345,11,_MediaType,,Electric meter,Elster,REX,true,2020-05-15 22:44:23,true,true,2020-07-07T12:22:43.611010Z
kWh Delivered,RegTest-sdp_id-rex-01,LOAD PROFILE READING,2,MAIN,2020-05-25 17:30:00,2020-05-25 12:30:00,2020-05-25 12:30:00,,1,74,,,,15,1,Original,2.31,Remoto,AMRDEF,PRIMEREAD,amrdef-test,Activo,,,,,'MultiplierValues':{'ke':'0.01'},1,rex meter reserved for Regression test,ENABLE,11118188,RegTest12345,11,_MediaType,,Electric meter,Elster,REX,true,2020-05-15 22:44:23,true,true,2020-07-07T12:22:43.611010Z
kWh Delivered,RegTest-sdp_id-rex-01,LOAD PROFILE READING,2,MAIN,2020-05-25 17:45:00,2020-05-25 12:45:00,2020-05-25 12:45:00,,1,74,,,,15,1,Original,2.3,Remoto,AMRDEF,PRIMEREAD,amrdef-test,Activo,,,,,'MultiplierValues':{'ke':'0.01'},1,rex meter reserved for Regression test,ENABLE,11118188,RegTest12345,11,_MediaType,,Electric meter,Elster,REX,true,2020-05-15 22:44:23,true,true,2020-07-07T12:22:43.611010Z
kWh Delivered,RegTest-sdp_id-rex-01,LOAD PROFILE READING,2,MAIN,2020-05-26 06:00:00,2020-05-26 01:00:00,2020-05-26 01:00:00,,1,74,,,,15,1,Original,2.3,Remoto,AMRDEF,PRIMEREAD,amrdef-test,Activo,,,,,'MultiplierValues':{'ke':'0.01'},1,rex meter reserved for Regression test,ENABLE,11118188,RegTest12345,11,_MediaType,,Electric meter,Elster,REX,true,2020-05-15 22:44:23,true,true,2020-07-07T12:22:43.611010Z
kWh Delivered,RegTest-sdp_id-rex-01,LOAD PROFILE READING,2,MAIN,2020-05-26 06:15:00,2020-05-26 01:15:00,2020-05-26 01:15:00,,1,74,,,,15,1,Original,2.3,Remoto,AMRDEF,PRIMEREAD,amrdef-test,Activo,,,,,'MultiplierValues':{'ke':'0.01'},1,rex meter reserved for Regression test,ENABLE,11118188,RegTest12345,11,_MediaType,,Electric meter,Elster,REX,true,2020-05-15 22:44:23,true,true,2020-07-07T12:22:43.611010Z
kWh Delivered,RegTest-sdp_id-rex-01,LOAD PROFILE READING,2,MAIN,2020-05-26 06:30:00,2020-05-26 01:30:00,2020-05-26 01:30:00,,1,74,,,,15,1,Original,2.31,Remoto,AMRDEF,PRIMEREAD,amrdef-test,Activo,,,,,'MultiplierValues':{'ke':'0.01'},1,rex meter reserved for Regression test,ENABLE,11118188,RegTest12345,11,_MediaType,,Electric meter,Elster,REX,true,2020-05-15 22:44:23,true,true,2020-07-07T12:22:43.611010Z
kWh Delivered,RegTest-sdp_id-rex-01,LOAD PROFILE READING,2,MAIN,2020-05-26 07:00:00,2020-05-26 02:00:00,2020-05-26 02:00:00,,1,74,,,,15,1,Original,2.3,Remoto,AMRDEF,PRIMEREAD,amrdef-test,Activo,,,,,'MultiplierValues':{'ke':'0.01'},1,rex meter reserved for Regression test,ENABLE,11118188,RegTest12345,11,_MediaType,,Electric meter,Elster,REX,true,2020-05-15 22:44:23,true,true,2020-07-07T12:22:43.611010Z
Magnitude3,RegTest-sdp_id-rex-01,EVENTS,2,MAIN,2020-05-05 17:42:24,2020-05-05 12:42:24,2020-05-05 12:42:24,,,70,,,,,,,-29,Remoto,AMRDEF,PRIMEREAD,amrdef-test,Activo,,,,,'MultiplierValues':{'ke':''},1,rex meter reserved for Regression test,ENABLE,11118188,RegTest12345,11,_MediaType,,Electric meter,Elster,REX,true,2020-05-15 22:44:23,true,true,2020-07-07T12:22:43.611010Z
kWh Delivered Total,RegTest-sdp_id-rex-01,REGISTERS,2,MAIN,2020-05-16 11:32:00,2020-05-16 06:32:00,2020-05-16 06:32:00,,,74,,,,,,,144208,Remoto,AMRDEF,PRIMEREAD,amrdef-test,Activo,,,,,'MultiplierValues':{'ke':'1'},1,rex meter reserved for Regression test,ENABLE,11118188,RegTest12345,11,_MediaType,,Electric meter,Elster,REX,true,2020-05-15 22:44:23,true,true,2020-07-07T12:22:43.611010Z
Magnitude12,RegTest-sdp_id-rex-01,EVENTS,2,MAIN,2020-05-05 17:42:20,2020-05-05 12:42:20,2020-05-05 12:42:20,,,70,,,,,,,-89,Remoto,AMRDEF,PRIMEREAD,amrdef-test,Activo,,,,,'MultiplierValues':{'ke':''},1,rex meter reserved for Regression test,ENABLE,11118188,RegTest12345,11,_MediaType,,Electric meter,Elster,REX,true,2020-05-15 22:44:23,true,true,2020-07-07T12:22:43.611010Z
Outage count,RegTest-sdp_id-rex-01,EVENTS,2,MAIN,2020-05-16 11:32:00,2020-05-16 06:32:00,2020-05-16 06:32:00,,,99,,,,,,,15,Remoto,AMRDEF,PRIMEREAD,amrdef-test,Activo,,,,,'MultiplierValues':{'ke':''},1,rex meter reserved for Regression test,ENABLE,11118188,RegTest12345,11,_MediaType,,Electric meter,Elster,REX,true,2020-05-15 22:44:23,true,true,2020-07-07T12:22:43.611010Z
Service Momentary Outage Count,RegTest-sdp_id-rex-01,EVENTS,2,MAIN,2020-05-16 11:32:37,2020-05-16 06:32:37,2020-05-16 06:32:37,,,70,,,,,1,Original,6,Remoto,AMRDEF,PRIMEREAD,amrdef-test,Activo,,73,,,'MultiplierValues':{'ke':''},1,rex meter reserved for Regression test,ENABLE,11118188,RegTest12345,11,_MediaType,,Electric meter,Elster,REX,true,2020-05-15 22:44:23,true,true,2020-07-07T12:22:43.611010Z
kWh Delivered TierA,RegTest-sdp_id-rex-01,REGISTERS,2,MAIN,2020-05-16 11:32:00,2020-05-16 06:32:00,2020-05-16 06:32:00,,,74,,,,,,,0,Remoto,AMRDEF,PRIMEREAD,amrdef-test,Activo,,,,,'MultiplierValues':{'ke':'1'},1,rex meter reserved for Regression test,ENABLE,11118188,RegTest12345,11,_MediaType,,Electric meter,Elster,REX,true,2020-05-15 22:44:23,true,true,2020-07-07T12:22:43.611010Z
kWh Delivered TierA,RegTest-sdp_id-rex-01,REGISTERS,2,MAIN,2020-05-16 11:32:37,2020-05-16 06:32:37,2020-05-16 06:32:37,,,74,,,,,,,99,Remoto,AMRDEF,PRIMEREAD,amrdef-test,Activo,,,,,'MultiplierValues':{'ke':'1'},1,rex meter reserved for Regression test,ENABLE,11118188,RegTest12345,11,_MediaType,,Electric meter,Elster,REX,true,2020-05-15 22:44:23,true,true,2020-07-07T12:22:43.611010Z
Demand Reset,RegTest-sdp_id-rex-01,EVENTS,2,MAIN,2020-05-09 08:55:00,2020-05-09 03:55:00,2020-05-09 03:55:00,,,70,,,,,,,0,Remoto,AMRDEF,PRIMEREAD,amrdef-test,Activo,,,,,'MultiplierValues':{'ke':''},1,rex meter reserved for Regression test,ENABLE,11118188,RegTest12345,11,_MediaType,,Electric meter,Elster,REX,true,2020-05-15 22:44:23,true,true,2020-07-07T12:22:43.611010Z
Demand Reset,RegTest-sdp_id-rex-01,EVENTS,2,MAIN,2020-05-09 08:55:00,2020-05-09 03:55:00,2020-05-09 03:55:00,,,70,,,,,,,0,Remoto,AMRDEF,PRIMEREAD,amrdef-test,Activo,,,,,'MultiplierValues':{'ke':''},1,rex meter reserved for Regression test,ENABLE,11118188,RegTest12345,11,_MediaType,,Electric meter,Elster,REX,true,2020-05-15 22:44:23,true,true,2020-07-07T12:22:43.611010Z
Demand Reset,RegTest-sdp_id-rex-01,EVENTS,2,MAIN,2020-05-09 08:55:00,2020-05-09 03:55:00,2020-05-09 03:55:00,,,70,,,,,,,0,Remoto,AMRDEF,PRIMEREAD,amrdef-test,Activo,,,,,'MultiplierValues':{'ke':''},1,rex meter reserved for Regression test,ENABLE,11118188,RegTest12345,11,_MediaType,,Electric meter,Elster,REX,true,2020-05-15 22:44:23,true,true,2020-07-07T12:22:43.611010Z
kW Delivered TierB,RegTest-sdp_id-rex-01,REGISTERS,2,MAIN,2020-01-01 11:40:00,2020-01-01 06:40:00,2020-01-01 06:40:00,,,96,,,,,,,0,Remoto,AMRDEF,PRIMEREAD,amrdef-test,Activo,,,,,'MultiplierValues':{'ke':'1'},1,rex meter reserved for Regression test,ENABLE,11118188,RegTest12345,11,_MediaType,,Electric meter,Elster,REX,true,2020-05-15 22:44:23,true,true,2020-07-07T12:22:43.611010Z
kW Delivered TierB,RegTest-sdp_id-rex-01,REGISTERS,2,MAIN,2020-01-01 11:40:00,2020-01-01 06:40:00,2020-01-01 06:40:00,,,96,,,,,,,82.19,Remoto,AMRDEF,PRIMEREAD,amrdef-test,Activo,,,,,'MultiplierValues':{'ke':'1'},1,rex meter reserved for Regression test,ENABLE,11118188,RegTest12345,11,_MediaType,,Electric meter,Elster,REX,true,2020-05-15 22:44:23,true,true,2020-07-07T12:22:43.611010Z
kWh Received Total,RegTest-sdp_id-rex-01,REGISTERS,2,MAIN,2020-05-16 11:32:00,2020-05-16 06:32:00,2020-05-16 06:32:00,,,74,,,,,,,0,Remoto,AMRDEF,PRIMEREAD,amrdef-test,Activo,,,,,'MultiplierValues':{'ke':'1'},1,rex meter reserved for Regression test,ENABLE,11118188,RegTest12345,11,_MediaType,,Electric meter,Elster,REX,true,2020-05-15 22:44:23,true,true,2020-07-07T12:22:43.611010Z
kW Delivered TierA,RegTest-sdp_id-rex-01,REGISTERS,2,MAIN,2020-01-01 11:40:00,2020-01-01 06:40:00,2020-01-01 06:40:00,,,96,,,,,,,80,Remoto,AMRDEF,PRIMEREAD,amrdef-test,Activo,,,,,'MultiplierValues':{'ke':'1'},1,rex meter reserved for Regression test,ENABLE,11118188,RegTest12345,11,_MediaType,,Electric meter,Elster,REX,true,2020-05-15 22:44:23,true,true,2020-07-07T12:22:43.611010Z
Magnitude11,RegTest-sdp_id-rex-01,EVENTS,2,MAIN,2020-05-05 17:42:20,2020-05-05 12:42:20,2020-05-05 12:42:20,,,70,,,,,,,-83,Remoto,AMRDEF,PRIMEREAD,amrdef-test,Activo,,,,,'MultiplierValues':{'ke':''},1,rex meter reserved for Regression test,ENABLE,11118188,RegTest12345,11,_MediaType,,Electric meter,Elster,REX,true,2020-05-15 22:44:23,true,true,2020-07-07T12:22:43.611010Z
Magnitude4,RegTest-sdp_id-rex-01,EVENTS,2,MAIN,2020-05-05 17:42:24,2020-05-05 12:42:24,2020-05-05 12:42:24,,,70,,,,,,,-44,Remoto,AMRDEF,PRIMEREAD,amrdef-test,Activo,,,,,'MultiplierValues':{'ke':''},1,rex meter reserved for Regression test,ENABLE,11118188,RegTest12345,11,_MediaType,,Electric meter,Elster,REX,true,2020-05-15 22:44:23,true,true,2020-07-07T12:22:43.611010Z
Tamper Alert Config Table Write Warning,RegTest-sdp_id-rex-01,EVENTS,2,MAIN,2020-05-16 11:32:37,2020-05-16 06:32:37,2020-05-16 06:32:37,,,70,,,,,1,Original,0,Remoto,AMRDEF,PRIMEREAD,amrdef-test,Activo,,71,,,'MultiplierValues':{'ke':''},1,rex meter reserved for Regression test,ENABLE,11118188,RegTest12345,11,_MediaType,,Electric meter,Elster,REX,true,2020-05-15 22:44:23,true,true,2020-07-07T12:22:43.611010Z
Magnitude8,RegTest-sdp_id-rex-01,EVENTS,2,MAIN,2020-05-05 17:42:24,2020-05-05 12:42:24,2020-05-05 12:42:24,,,70,,,,,,,-63,Remoto,AMRDEF,PRIMEREAD,amrdef-test,Activo,,,,,'MultiplierValues':{'ke':''},1,rex meter reserved for Regression test,ENABLE,11118188,RegTest12345,11,_MediaType,,Electric meter,Elster,REX,true,2020-05-15 22:44:23,true,true,2020-07-07T12:22:43.611010Z
Service Sustained Outage Count,RegTest-sdp_id-rex-01,EVENTS,2,MAIN,2020-05-16 11:32:37,2020-05-16 06:32:37,2020-05-16 06:32:37,,,70,,,,,1,Original,3,Remoto,AMRDEF,PRIMEREAD,amrdef-test,Activo,,74,,,'MultiplierValues':{'ke':''},1,rex meter reserved for Regression test,ENABLE,11118188,RegTest12345,11,_MediaType,,Electric meter,Elster,REX,true,2020-05-15 22:44:23,true,true,2020-07-07T12:22:43.611010Z
kWh Delivered TierB,RegTest-sdp_id-rex-01,REGISTERS,2,MAIN,2020-05-16 11:32:00,2020-05-16 06:32:00,2020-05-16 06:32:00,,,74,,,,,,,0,Remoto,AMRDEF,PRIMEREAD,amrdef-test,Activo,,,,,'MultiplierValues':{'ke':'1'},1,rex meter reserved for Regression test,ENABLE,11118188,RegTest12345,11,_MediaType,,Electric meter,Elster,REX,true,2020-05-15 22:44:23,true,true,2020-07-07T12:22:43.611010Z
Magnitude7,RegTest-sdp_id-rex-01,EVENTS,2,MAIN,2020-05-05 17:42:24,2020-05-05 12:42:24,2020-05-05 12:42:24,,,70,,,,,,,-64,Remoto,AMRDEF,PRIMEREAD,amrdef-test,Activo,,,,,'MultiplierValues':{'ke':''},1,rex meter reserved for Regression test,ENABLE,11118188,RegTest12345,11,_MediaType,,Electric meter,Elster,REX,true,2020-05-15 22:44:23,true,true,2020-07-07T12:22:43.611010Z
kWh Delivered TierC,RegTest-sdp_id-rex-01,REGISTERS,2,MAIN,2020-05-16 11:32:00,2020-05-16 06:32:00,2020-05-16 06:32:00,,,74,,,,,,,144208,Remoto,AMRDEF,PRIMEREAD,amrdef-test,Activo,,,,,'MultiplierValues':{'ke':'1'},1,rex meter reserved for Regression test,ENABLE,11118188,RegTest12345,11,_MediaType,,Electric meter,Elster,REX,true,2020-05-15 22:44:23,true,true,2020-07-07T12:22:43.611010Z
Reverse energy summary,RegTest-sdp_id-rex-01,REGISTERS,2,MAIN,,,,,,70,,,,,,,0,Remoto,AMRDEF,PRIMEREAD,amrdef-test,Activo,,,,,'MultiplierValues':{'ke':''},1,rex meter reserved for Regression test,ENABLE,11118188,RegTest12345,11,_MediaType,,Electric meter,Elster,REX,true,2020-05-15 22:44:23,true,true,2020-07-07T12:22:43.611010Z
Reverse energy summary,RegTest-sdp_id-rex-01,REGISTERS,2,MAIN,,,,,,70,,,,,,,0,Remoto,AMRDEF,PRIMEREAD,amrdef-test,Activo,,,,,'MultiplierValues':{'ke':''},1,rex meter reserved for Regression test,ENABLE,11118188,RegTest12345,11,_MediaType,,Electric meter,Elster,REX,true,2020-05-15 22:44:23,true,true,2020-07-07T12:22:43.611010Z
Magnitude1,RegTest-sdp_id-rex-01,EVENTS,2,MAIN,2020-05-05 17:42:24,2020-05-05 12:42:24,2020-05-05 12:42:24,,,70,,,,,,,-24,Remoto,AMRDEF,PRIMEREAD,amrdef-test,Activo,,,,,'MultiplierValues':{'ke':''},1,rex meter reserved for Regression test,ENABLE,11118188,RegTest12345,11,_MediaType,,Electric meter,Elster,REX,true,2020-05-15 22:44:23,true,true,2020-07-07T12:22:43.611010Z
Magnitude99,RegTest-sdp_id-rex-01,EVENTS,2,MAIN,2020-04-17 02:48:08,2020-04-16 21:48:08,2020-04-16 21:48:08,,,70,,,,,,,-89,Remoto,AMRDEF,PRIMEREAD,amrdef-test,Activo,,,,,'MultiplierValues':{'ke':''},1,rex meter reserved for Regression test,ENABLE,11118188,RegTest12345,11,_MediaType,,Electric meter,Elster,REX,true,2020-05-15 22:44:23,true,true,2020-07-07T12:22:43.611010Z
Service Voltage Monitoring Max Event,RegTest-sdp_id-rex-01,EVENTS,2,MAIN,2020-05-16 11:32:37,2020-05-16 06:32:37,2020-05-16 06:32:37,,,70,,,,,1,Original,0,Remoto,AMRDEF,PRIMEREAD,amrdef-test,Activo,,78,,,'MultiplierValues':{'ke':''},1,rex meter reserved for Regression test,ENABLE,11118188,RegTest12345,11,_MediaType,,Electric meter,Elster,REX,true,2020-05-15 22:44:23,true,true,2020-07-07T12:22:43.611010Z
Magnitude5,RegTest-sdp_id-rex-01,EVENTS,2,MAIN,2020-05-05 17:42:24,2020-05-05 12:42:24,2020-05-05 12:42:24,,,70,,,,,,,-43,Remoto,AMRDEF,PRIMEREAD,amrdef-test,Activo,,,,,'MultiplierValues':{'ke':''},1,rex meter reserved for Regression test,ENABLE,11118188,RegTest12345,11,_MediaType,,Electric meter,Elster,REX,true,2020-05-15 22:44:23,true,true,2020-07-07T12:22:43.611010Z
kWh Delivered TierD,RegTest-sdp_id-rex-01,REGISTERS,2,MAIN,2020-05-16 11:32:00,2020-05-16 06:32:00,2020-05-16 06:32:00,,,74,,,,,,,0,Remoto,AMRDEF,PRIMEREAD,amrdef-test,Activo,,,,,'MultiplierValues':{'ke':'1'},1,rex meter reserved for Regression test,ENABLE,11118188,RegTest12345,11,_MediaType,,Electric meter,Elster,REX,true,2020-05-15 22:44:23,true,true,2020-07-07T12:22:43.611010Z
Meter Health Radio Config Error,RegTest-sdp_id-rex-01,EVENTS,2,MAIN,2020-05-16 11:32:37,2020-05-16 06:32:37,2020-05-16 06:32:37,,,70,,,,,1,Original,0,Remoto,AMRDEF,PRIMEREAD,amrdef-test,Activo,,72,,,'MultiplierValues':{'ke':''},1,rex meter reserved for Regression test,ENABLE,11118188,RegTest12345,11,_MediaType,,Electric meter,Elster,REX,true,2020-05-15 22:44:23,true,true,2020-07-07T12:22:43.611010Z
kW Delivered Total,RegTest-sdp_id-rex-01,REGISTERS,2,MAIN,2020-05-16 11:32:37,2020-05-16 06:32:37,2020-05-16 06:32:37,,,96,,,,,,,92.176,Remoto,AMRDEF,PRIMEREAD,amrdef-test,Activo,,,,,'MultiplierValues':{'ke':'1'},1,rex meter reserved for Regression test,ENABLE,11118188,RegTest12345,11,_MediaType,,Electric meter,Elster,REX,true,2020-05-15 22:44:23,true,true,2020-07-07T12:22:43.611010Z
kW Delivered Total,RegTest-sdp_id-rex-01,REGISTERS,2,MAIN,2016-05-16 11:32:00,2016-05-16 06:32:00,2016-05-16 06:32:00,,,96,,,,,,,92.176,Remoto,AMRDEF,PRIMEREAD,amrdef-test,Activo,,,,,'MultiplierValues':{'ke':'1'},1,rex meter reserved for Regression test,ENABLE,11118188,RegTest12345,11,_MediaType,,Electric meter,Elster,REX,true,2020-05-15 22:44:23,true,true,2020-07-07T12:22:43.611010Z
Magnitude2,RegTest-sdp_id-rex-01,EVENTS,2,MAIN,2020-05-05 17:42:24,2020-05-05 12:42:24,2020-05-05 12:42:24,,,70,,,,,,,-23,Remoto,AMRDEF,PRIMEREAD,amrdef-test,Activo,,,,,'MultiplierValues':{'ke':''},1,rex meter reserved for Regression test,ENABLE,11118188,RegTest12345,11,_MediaType,,Electric meter,Elster,REX,true,2020-05-15 22:44:23,true,true,2020-07-07T12:22:43.611010Z
Service Sustained Outage Duration (secs),RegTest-sdp_id-rex-01,EVENTS,2,MAIN,2020-05-16 11:32:37,2020-05-16 06:32:37,2020-05-16 06:32:37,,,70,,,,,1,Original,1344,Remoto,AMRDEF,PRIMEREAD,amrdef-test,Activo,,75,,,'MultiplierValues':{'ke':''},1,rex meter reserved for Regression test,ENABLE,11118188,RegTest12345,11,_MediaType,,Electric meter,Elster,REX,true,2020-05-15 22:44:23,true,true,2020-07-07T12:22:43.611010Z
